,SiteID,FBI,Insect.Family.Richness,EPT.Family.Richness,EPT.Family.per,Insect.Count,EPT.Count,EPT.Count.per,Bat.Species.Richness,Bat.Counts,EPFU.per,LABO.per,PESU.per,NYHU.per,MYGR.per,Simpson,EPTBio,NEPTBio,TotalBio,Tempmean,Tempmax,Tempmin,Maxprec,dvpmean,dvpmax,dvpmin,maxwind
1,51A,4.233525287,29,19,0.655172414,70,42,0.6,3,6,0,0.333333333,0.166666667,0,0.5,3.75,0.092,0.076,0.168,17.90598291,21.6666667,15.5555556,0,1.866082661,2.376530367,1.58929724,6
2,62A,3.963446188,32,19,0.59375,183,121,0.661202186,4,12,0,0.25,0.333333333,0.083333333,0.333333333,4.4,0.0909,0.0559,0.1468,24.65811966,27.2222222,22.2222222,0,2.830464367,3.336084835,2.410261059,8
3,70A,4.00960206,30,17,0.566666667,636,351,0.551886792,0,0,0,0,0,0,0,0,0.091,0.124,0.215,25.63492064,28.3333333,23.3333333,0,2.982595256,3.540448339,2.578221387,6
4,73A,3.697883842,19,13,0.684210526,50,37,0.74,4,13,0.307692308,0.384615385,0.230769231,0.076923077,0,4.105263158,0.0889,0.0569,0.1458,22.09401711,23.8888889,20.5555556,0,2.394875694,2.665975903,2.176275079,9
